branch_id,parent_branch_id,topological_order,strahler_order,start_node,end_node,path_nodes,base_height,tip_height,length,chord_length,tortuosity,horizontal_projection,vertical_rise,inclination_from_vertical_deg,elevation_deg,azimuth_deg,parent_angle_deg,radius_start,radius_end,diameter_start,diameter_end,taper_rate,volume,surface_area,slenderness
0,-1,0,4,3086,2998,3086;3085;3084;3083;3082;3081;3080;3079;3078;3077;3076;3075;3074;3073;3072;3071;3070;1250;1249;1248;1247;1246;1245;1244;1243;1242;1241;1240;1239;1238;1237;1236;1235;1234;1233;1232;1231;1230;1229;1228;1227;1226;1225;1224;3016;3015;3014;3013;3012;3011;3010;3009;3008;3007;3006;3005;3004;3003;3002;3001;3000;2999;2998,0.0001781767,0.4205886408,0.4348241075,0.4242515428,1.0249205098,0.0569597516,0.4204104640,7.7157959510,82.2842040490,94.8093325909,nan,0.0560802977,0.0560802977,0.1121605955,0.1121605955,0.0000000000,0.0042961962,0.1532158848,3.8767992057
1,0,1,1,2998,288,2998;469;468;467;466;465;464;463;462;461;460;459;458;457;456;455;454;453;452;451;450;449;448;447;446;445;444;443;2697;2696;2695;2694;2693;2692;2691;2690;2689;2688;2687;2686;2685;2684;2683;2682;2681;2680;2679;2678;2677;2676;2675;2674;2673;2672;2671;2670;2669;2668;2667;2666;2665;1094;1093;1092;1091;1090;1089;1088;1087;1086;1085;1084;1083;1082;1081;1080;1079;1078;1077;1076;1075;1074;1073;1072;1071;1070;1069;1068;1067;1066;1065;1064;1063;1062;2763;2762;2761;2760;2759;2758;2757;2756;2755;2754;2753;2752;2751;2750;2749;2748;2747;2746;2745;2744;2743;2742;2741;2740;2739;2738;2737;2736;2735;2734;2733;2732;2731;259;258;257;256;255;254;253;252;251;250;249;248;247;246;245;244;243;242;241;240;239;238;237;236;235;234;233;232;231;230;229;228;227;1983;1982;1981;1980;1979;1978;1977;1976;1975;1974;1973;1972;1971;1970;1969;1968;1967;1966;1965;1964;1963;1962;1961;1960;1959;1958;1957;1956;1955;1954;1953;1952;1951;799;798;797;796;795;794;793;792;791;790;789;788;787;786;785;784;783;782;781;780;779;778;777;776;775;774;773;772;771;770;769;768;767;2214;2213;2212;2211;2210;2209;2208;2207;2206;2205;2204;2203;2202;2201;2200;2199;2198;2197;2196;2195;2194;2193;2192;2191;2190;2189;2188;2187;2186;2185;2184;2183;2182;320;319;318;317;316;315;314;313;312;311;310;309;308;307;306;305;304;303;302;301;300;299;298;297;296;295;294;293;292;291;290;289;288,0.4205886408,0.9625274112,1.5249360815,1.3752164225,1.1088698888,1.2639313976,0.5419387704,66.7916870778,23.2083129222,82.2464903464,59.2730074066,0.1622004737,0.0921532503,0.3244009475,0.1843065007,0.0459345308,0.0794438695,1.2198243758,4.7007756706
2,0,1,4,2998,3028,2998;2997;2996;2995;2994;2993;2992;3042;3041;3040;3039;3038;3037;3036;3035;3034;3033;3032;3031;3030;3029;3028,0.4205886408,0.5339083372,0.1253092769,0.1154596277,1.0853081670,0.0221262745,0.1133196964,11.0483016561,78.9516983439,223.4291218226,16.9575191934,0.1019429834,0.1019429834,0.2038859668,0.2038859668,0.0000000000,0.0040911723,0.0802639320,0.6146047167
3,2,2,4,3028,1913,3028;1913,0.5339083372,0.5360084918,0.0098315878,0.0098315878,1.0000000000,0.0096046587,0.0021001546,77.6658346326,12.3341653674,88.6407573606,85.5399469428,0.1798058467,0.1798058467,0.3596116934,0.3596116934,0.0000000000,0.0009985761,0.0111072703,0.0273394552
4,2,2,2,3028,3020,3028;3027;3026;3025;3024;3023;3022;3021;3020,0.5339083372,0.5789093475,0.0818708615,0.0738194584,1.1090688460,0.0585168481,0.0450010103,52.4387595421,37.5612404579,235.3821424611,41.6750812318,0.1672270812,0.1672270812,0.3344541625,0.3344541625,0.0000000000,0.0071927084,0.0860232484,0.2447894830
5,3,3,3,1913,2507,1913;1521;1522;1523;1524;1525;1526;1527;1528;1529;1530;1531;1532;1533;1534;1535;1536;1537;1538;1539;1540;1541;1542;1543;1544;1545;1546;1547;1548;1549;1550;1551;1552;1553;1554;1555;1556;1557;1558;1559;1560;1561;2181;2180;2179;2178;2177;2176;2175;2174;2173;2172;2171;2170;2169;2168;2167;2166;2165;2164;2163;2162;2161;2160;2159;2158;2157;2156;2155;2154;2153;2152;2151;2150;740;739;738;737;736;735;734;733;732;731;730;729;728;727;726;725;724;723;722;721;720;719;718;717;716;715;714;713;712;711;710;709;708;2536;2535;2534;2533;2532;2531;2530;2529;2528;2527;2526;2525;2524;2523;2522;2521;2520;2519;2518;2517;2516;2515;2514;2513;2512;2511;2510;2509;2508;2507,0.5360084918,0.5430192684,0.7618199521,0.5285605827,1.4413105650,0.5285140855,0.0070107766,89.2400120167,0.7599879833,237.6194805904,146.5418339851,0.1587858343,0.1019875161,0.3175716685,0.2039750321,0.0745560917,0.0413316311,0.6258483574,2.3988914237
6,3,3,3,1913,2600,1913;1912;1911;1910;1909;1908;1907;1906;1905;1904;1903;1902;1901;1900;1899;1898;1897;1896;1895;1894;1893;1892;1891;1890;1889;1888;1887;1886;1885;1884;2600,0.5360084918,0.7120431777,0.1883761994,0.1822847491,1.0334172243,0.0473235577,0.1760346859,15.0471220292,74.9528779708,85.5811173614,62.6420379562,0.1109244948,0.1109244948,0.2218489897,0.2218489897,0.0000000000,0.0072816671,0.1312905170,0.8491190321
7,4,3,2,3020,434,3020;2865;2864;2863;2862;2861;2860;2859;2858;2857;2856;2855;2854;2853;2852;2851;2850;2849;2848;2847;2846;2845;2844;2843;2842;2841;2840;2839;2838;2837;2836;2835;2834;2833;1223;1222;1221;1220;1219;1218;1217;1216;1215;1214;1213;1212;1211;1210;1209;1208;1207;1206;1205;1204;1203;1202;1201;1200;1199;1198;1197;1196;1195;1194;3069;3068;3067;3066;3065;3064;3063;3062;3061;3060;3059;3058;3057;3056;3055;3054;3053;3052;3051;3050;3049;3048;3047;3046;3045;3044;3043;442;441;440;439;438;437;436;435;434,0.5789093475,0.7339004657,0.5745559764,0.5290283406,1.0860589731,0.5058149251,0.1549911182,72.9639595698,17.0360404302,187.7024696224,46.4579380950,0.2014381955,0.0642285916,0.4028763911,0.1284571832,0.2388098107,0.0346809183,0.4930184424,1.4261346384
8,4,3,1,3020,994,3020;3019;3018;3017;1663;1662;1661;1660;1659;1658;1657;1656;1655;1654;1653;1652;1651;1650;1649;1648;1647;1646;1645;1644;1643;1642;1641;1640;1639;1638;1637;1636;1635;1634;1633;1632;1631;1630;1629;198;197;196;195;194;193;192;191;190;189;188;187;186;185;184;183;182;181;180;179;178;177;176;175;174;173;172;171;170;169;168;167;166;2571;2570;2569;2568;2567;2566;2565;2564;2563;2562;2561;2560;2559;2558;2557;2556;2555;2554;2553;2552;2551;2550;2549;2548;2547;2546;2545;2544;2543;2542;2541;2540;2539;2538;2537;1026;1025;1024;1023;1022;1021;1020;1019;1018;1017;1016;1015;1014;1013;1012;1011;1010;1009;1008;1007;1006;1005;1004;1003;1002;1001;1000;999;998;997;996;995;994,0.5789093475,0.7606350995,0.8138808755,0.7367247302,1.1047285941,0.7139601383,0.1817257520,75.7196244709,14.2803755291,277.3627216472,43.8269614167,0.2041764823,0.2041764823,0.4083529645,0.4083529645,0.0000000000,0.1065913961,1.0441104179,1.9930818339
9,5,4,2,2507,1705,2507;1705,0.5430192684,0.5193747309,0.0444903067,0.0444903067,1.0000000000,0.0376871760,-0.0236445376,122.1037273435,-32.1037273435,157.1438682908,82.3510104488,0.1678123317,0.1678123317,0.3356246634,0.3356246634,0.0000000000,0.0039360718,0.0469104004,0.1325597060
10,5,4,2,2507,1762,2507;2506;2505;2504;832;831;830;829;828;827;826;825;824;823;822;821;820;819;818;817;816;815;814;813;812;811;810;809;808;807;806;805;804;803;802;801;800;1789;1788;1787;1786;1785;1784;1783;1782;1781;1780;1779;1778;1777;1776;1775;1774;1773;1772;1771;1770;1769;1768;1767;1766;1765;1764;1763;1762,0.5430192684,0.8110785746,0.4576702267,0.4403544774,1.0393222965,0.3493655308,0.2680593062,52.5018884345,37.4981115655,273.0799211050,49.1384898961,0.1292131839,0.0607103439,0.2584263678,0.1214206879,0.1496772915,0.0135280843,0.2761165393,1.7709888921
11,6,4,3,2600,2572,2600;2599;2598;2597;2596;2595;2594;2593;2592;2591;2590;2589;2588;2587;2586;2585;2584;2583;2582;2581;2580;2579;2578;2577;2576;2575;2574;2573;2572,0.7120431777,0.8736629739,0.1636573902,0.1625382112,1.0068856365,0.0172543193,0.1616197963,6.0937418794,83.9062581206,25.7036579610,13.0719971992,0.1256168611,0.0926363778,0.2512337222,0.1852727555,0.2015215035,0.0061693587,0.1144696566,0.6514149007
12,6,4,2,2600,2006,2600;2601;2602;2603;2604;905;904;903;902;901;900;899;898;897;896;895;894;893;892;891;890;889;888;887;886;885;884;883;882;881;880;879;878;877;876;875;874;873;1593;1592;1591;1590;1589;1588;1587;1586;1585;1584;1583;1582;1581;1580;1579;1578;1577;1576;1575;1574;1573;1572;1571;1570;1569;1568;1567;1566;1565;1564;1563;1562;2376;2375;2374;2373;2372;2371;2370;2369;2368;2367;2366;2365;2364;2363;2362;2361;2360;2359;2358;2357;2356;2355;2354;2353;2352;2351;2350;2349;2348;2347;2346;2345;872;871;870;869;868;867;866;865;864;863;862;861;860;859;858;857;856;855;854;853;852;851;850;849;848;847;846;845;844;843;842;841;840;839;838;837;836;835;834;833;2021;2020;2019;2018;2017;2016;2015;2014;2013;2012;2011;2010;2009;2008;2007;2006,0.7120431777,0.8760286746,0.9579712137,0.8939857360,1.0715732646,0.8788169622,0.1639854970,79.4302778707,10.5697221293,289.0678206666,93.2631832667,0.2348673006,0.1125343102,0.4697346011,0.2250686204,0.1277000693,0.0945574691,1.0540147384,2.0393882234
13,7,4,1,434,1095,434;433;432;431;430;429;428;427;426;425;424;423;422;1883;1882;1881;1880;1879;1878;1877;1876;1875;1874;1873;1872;1871;1870;1869;1868;1867;1866;1865;1864;1863;1862;1861;1860;1859;1858;1857;1856;1855;1854;1853;1852;1851;1850;1849;1127;1126;1125;1124;1123;1122;1121;1120;1119;1118;1117;1116;1115;1114;1113;1112;1111;1110;1109;1108;1107;1106;1105;1104;1103;1102;1101;1100;1099;1098;1097;1096;1095,0.7339004657,0.8696319293,0.3710850302,0.2623963171,1.4142158485,0.2245635700,0.1357314636,58.8502549758,31.1497450242,216.6821501374,29.8467129627,0.1113715992,0.1113715992,0.2227431983,0.2227431983,0.0000000000,0.0144601307,0.2596735762,1.6659769319
14,7,4,1,434,1594,434;1628;1627;1626;1625;1624;1623;1622;1621;1620;1619;1618;1617;1616;1615;1614;1613;1612;1611;1610;1609;1608;1607;1606;1605;1604;1603;1602;1601;1600;1599;1598;1597;1596;1595;1594,0.7339004657,0.8789489694,0.1944091382,0.1858422269,1.0460977651,0.1161820333,0.1450485037,38.6942901833,51.3057098167,93.6933514142,79.2296600422,0.1697939819,0.1697939819,0.3395879638,0.3395879638,0.0000000000,0.0176080448,0.2074048160,0.5724853614
15,9,5,1,1705,1695,1705;1704;1703;1702;1701;1700;1699;1698;1697;1696;1695,0.5193747309,0.5316925004,0.0778501005,0.0680531649,1.1439600294,0.0669291103,0.0123177695,79.5718620542,10.4281379458,199.8785441539,58.9545456399,0.1476803666,0.0990205219,0.2953607331,0.1980410438,0.6250453668,0.0037695220,0.0711530688,0.2635763384
16,9,5,1,1705,1729,1705;1706;1707;1708;1709;1710;1711;1712;1713;1714;1715;1716;1717;1718;1719;1720;1721;1722;1723;1724;1725;1726;1727;1728;1729,0.5193747309,0.5093622693,0.1043189424,0.0700527266,1.4891489228,0.0693335065,-0.0100124616,98.2172840858,-8.2172840858,72.7605568616,80.9083044148,0.0946887830,0.0946887830,0.1893775659,0.1893775659,0.0000000000,0.0029383946,0.0620642595,0.5508516379
17,10,5,1,1762,502,1762;534;533;532;531;530;529;528;527;526;525;524;523;522;521;520;519;518;517;516;515;514;513;512;511;510;509;508;507;506;505;504;503;502,0.8110785746,0.9257866492,0.1487452939,0.1340716112,1.1094466056,0.0694064446,0.1147080746,31.1768850649,58.8231149351,196.9536370472,51.7349693717,0.1365001898,0.0989405502,0.2730003797,0.1978811005,0.2525097675,0.0065307792,0.1134741114,0.5448537988
18,10,5,2,1762,2235,1762;1761;1760;2235,0.8110785746,0.8022160554,0.0377465107,0.0362468173,1.0413744865,0.0351466573,-0.0088625192,104.1525681965,-14.1525681965,276.8090449208,51.7695828054,0.1052531509,0.0978339353,0.2105063018,0.1956678706,0.1965536806,0.0012232760,0.0245437051,0.1793129726
19,11,5,2,2572,2622,2572;1426;1425;1424;1423;1422;1421;1420;1419;1418;1417;1416;1415;1414;1413;1412;1411;1410;1409;1408;1407;1406;1405;1404;1403;1402;1401;1400;1399;1398;1397;1396;1395;1394;766;765;764;763;762;761;760;759;758;757;756;755;754;753;752;751;750;749;748;747;746;745;744;743;742;741;2634;2633;2632;2631;2630;2629;2628;2627;2626;2625;2624;2623;2622,0.8736629739,0.9883888021,0.5310729734,0.4643350609,1.1437279200,0.4499389215,0.1147258281,75.6954760556,14.3045239444,56.4187829524,70.4813532399,0.1973532425,0.1712872462,0.3947064850,0.3425744923,0.0490817602,0.0567771154,0.6157856854,1.3454883403
20,11,5,3,2572,2281,2572;2310;2309;2308;2307;2306;2305;2304;2303;2302;2301;2300;2299;2298;2297;2296;2295;2294;2293;2292;2291;2290;2289;2288;2287;2286;2285;2284;2283;2282;2281,0.8736629739,1.0398236966,0.1751963923,0.1705476441,1.0272577689,0.0384332294,0.1661607227,13.0235698729,76.9764301271,187.0563804684,18.8963828342,0.1084881315,0.1084881315,0.2169762630,0.2169762630,0.0000000000,0.0064779783,0.1194228020,0.8074449707
21,12,5,1,2006,381,2006;421;420;419;418;417;416;415;414;413;412;411;410;409;408;407;406;405;404;403;402;401;400;399;398;397;396;395;394;393;392;391;390;389;388;387;386;385;384;383;382;381,0.8760286746,0.8577360103,0.1782312291,0.1769991376,1.0069610028,0.1760513367,-0.0182926643,95.9320473480,-5.9320473480,298.1728895845,18.8281354066,0.0787386016,0.0651705291,0.1574772032,0.1303410582,0.0761262354,0.0029076044,0.0808121767,1.1317906690
22,12,5,1,2006,2807,2006;2005;2004;2003;2002;2001;2000;1999;1998;1997;1996;1995;1994;1993;1992;1991;1990;1989;1988;1987;1986;1985;1984;2832;2831;2830;2829;2828;2827;2826;2825;2824;2823;2822;2821;2820;2819;2818;2817;2816;2815;2814;2813;2812;2811;2810;2809;2808;2807,0.8760286746,0.9003611724,0.2346480735,0.2085595062,1.1250893219,0.2071352148,0.0243324978,83.3000811817,6.6999188183,188.7612065399,98.8169413123,0.1923639756,0.1814881254,0.3847279512,0.3629762509,0.0463496248,0.0257649334,0.2758879204,0.6099064878
23,18,6,1,2235,62,2235;2234;2233;2232;2231;2230;2229;2228;2227;2226;2225;2224;2223;2222;2221;2220;2219;2218;2217;2216;2215;1193;1192;1191;1190;1189;1188;1187;1186;1185;1184;1183;1182;1181;1180;1179;1178;1177;1176;1175;1174;1173;1172;1171;1170;1169;1168;1167;1166;1165;1164;1163;1162;1161;1160;1159;1158;1157;1156;1155;1154;2953;2952;2951;2950;2949;2948;2947;2946;2945;2944;2943;2942;2941;2940;2939;2938;2937;2936;2935;2934;2933;2932;2931;2930;2929;2928;2927;2926;2925;2924;2923;2922;2921;2920;2919;2918;2917;2916;2915;102;101;100;99;98;97;96;95;94;93;92;91;90;89;88;87;86;85;84;83;82;81;80;79;78;77;76;75;74;73;72;71;70;69;68;67;66;65;64;63;62,0.8022160554,0.6730560632,0.5827265048,0.5633261027,1.0344390257,0.5483192449,-0.1291599923,103.2547470207,-13.2547470207,230.2856504649,45.1331671881,0.0773270641,0.0226822885,0.1546541283,0.0453645770,0.0937743095,0.0050331238,0.1838892851,3.7679337199
24,18,6,1,2235,2254,2235;2236;2237;2238;2239;2240;2241;2242;2243;2244;2245;2246;2247;2248;2249;2250;2251;2252;2253;2254,0.8022160554,0.8189096364,0.0774138583,0.0352917040,2.1935426571,0.0310938696,0.0166935810,61.7696752973,28.2303247027,56.3341252653,139.9533975199,0.0943789865,0.0943789865,0.1887579730,0.1887579730,0.0000000000,0.0021663030,0.0459064691,0.4101223225
25,19,6,1,2622,1427,2622;1453;1452;1451;1450;1449;1448;1447;1446;1445;1444;1443;1442;1441;1440;1439;1438;1437;1436;1435;1434;1433;1432;1431;1430;1429;1428;1427,0.9883888021,0.9786739281,0.1413533714,0.1373610726,1.0290642665,0.1370170992,-0.0097148740,94.0556349383,-4.0556349383,153.7871893066,98.1309384121,0.2995170433,0.2759198594,0.5990340865,0.5518397188,0.1669375383,0.0367819578,0.2590731803,0.2359688281
26,19,6,1,2622,1027,2622;2621;2620;2619;2618;2617;2616;2615;2614;2613;2612;2611;2610;2609;2608;2607;2606;2605;1061;1060;1059;1058;1057;1056;1055;1054;1053;1052;1051;1050;1049;1048;1047;1046;1045;1044;1043;1042;1041;1040;1039;1038;1037;1036;1035;1034;1033;1032;1031;1030;1029;1028;1027,0.9883888021,1.1177552133,0.2184830915,0.1695331655,1.2887336283,0.1095710995,0.1293664112,40.2640188080,49.7359811920,32.4478837072,40.4656824884,0.2254052351,0.2254052351,0.4508104702,0.4508104702,0.0000000000,0.0348735133,0.3094294883,0.4846451134
27,20,6,3,2281,378,2281;380;379;378,1.0398236966,1.0593523222,0.0304165768,0.0272699442,1.1153883035,0.0190337237,0.0195286256,44.2647172293,45.7352827707,51.3976717514,54.1821603916,0.1534684845,0.1444561488,0.3069369690,0.2889122975,0.2962968439,0.0021210236,0.0296920044,0.0990971434
28,20,6,2,2281,2486,2281;1950;1949;1948;1947;1946;1945;1944;1943;1942;1941;1940;1939;1938;1937;1936;1935;1934;1933;1932;1931;1930;1929;1928;1927;1926;1925;1924;1923;1922;1921;1920;1919;1918;1917;1916;1915;1914;707;706;705;704;703;702;701;700;699;698;697;696;695;694;693;692;691;690;689;688;687;686;685;684;683;682;681;680;679;678;677;676;675;2503;2502;2501;2500;2499;2498;2497;2496;2495;2494;2493;2492;2491;2490;2489;2488;2487;2486,1.0398236966,1.0896000231,0.6344430652,0.6183346358,1.0260513134,0.6163278666,0.0497763265,85.3826575800,4.6173424200,191.5987903583,72.4015017381,0.2062861992,0.0666687232,0.4125723984,0.1333374463,0.2200630501,0.0403625551,0.5570609441,1.5377738978
29,27,7,3,378,366,378;377;376;375;374;373;372;371;370;369;368;367;366,1.0593523222,1.1299261369,0.0751641621,0.0712172840,1.0554202283,0.0095518703,0.0705738146,7.7079058773,82.2920941227,150.9650651367,46.0450244186,0.0942362420,0.0942362420,0.1884724839,0.1884724839,0.0000000000,0.0020969912,0.0445049838,0.3988070861
30,27,7,1,378,1730,378;1759;1758;1757;1756;1755;1754;1753;1752;1751;1750;1749;1748;1747;1746;1745;1744;1743;1742;1741;1740;1739;1738;1737;1736;1735;1734;1733;1732;1731;1730,1.0593523222,1.1233984197,0.2770098651,0.2690942397,1.0294158116,0.2613614494,0.0640460975,76.2311054905,13.7688945095,67.9972206763,34.9045436125,0.1847845569,0.1774353438,0.3695691139,0.3548706877,0.0265305103,0.0285488962,0.3153335681,0.7495482029
31,28,7,1,2486,1813,2486;1848;1847;1846;1845;1844;1843;1842;1841;1840;1839;1838;1837;1836;1835;1834;1833;1832;1831;1830;1829;1828;1827;1826;1825;1824;1823;1822;1821;1820;1819;1818;1817;1816;1815;1814;1813,1.0896000231,1.0570114420,0.1658811251,0.1592583877,1.0415848578,0.1558884808,-0.0325885811,101.8076703841,-11.8076703841,138.9029093318,54.9127072172,0.1618083555,0.1204863522,0.3236167110,0.2409727045,0.2491061188,0.0104564231,0.1516082560,0.5125851647
32,28,7,1,2486,2311,2486;2485;2484;2483;2482;2481;2480;2479;2478;2477;2476;2475;2474;2473;2472;2471;2470;2469;2468;2467;2466;2465;2464;2463;165;164;163;162;161;160;159;158;157;156;155;154;153;152;151;150;149;148;147;146;145;144;143;142;141;140;139;138;137;136;135;134;2344;2343;2342;2341;2340;2339;2338;2337;2336;2335;2334;2333;2332;2331;2330;2329;2328;2327;2326;2325;2324;2323;2322;2321;2320;2319;2318;2317;2316;2315;2314;2313;2312;2311,1.0896000231,1.2065835732,0.3947791218,0.3735155879,1.0569281031,0.3547234746,0.1169835501,71.7480638784,18.2519361216,194.4155212198,13.9098449840,0.0807363617,0.0313851454,0.1614727233,0.0627702909,0.1250096915,0.0041495416,0.1401393779,2.4448656938
33,29,8,3,366,2144,366;365;364;363;362;361;360;359;358;357;356;355;354;2149;2148;2147;2146;2145;2144,1.1299261369,1.2354083530,0.1112028303,0.1082557370,1.0272234378,0.0243476216,0.1054822161,12.9974901798,77.0025098202,64.2193133099,14.6953154452,0.1073226956,0.1073226956,0.2146453911,0.2146453911,0.0000000000,0.0040239156,0.0749872248,0.5180769534
34,29,8,1,366,103,366;2806;2805;2804;2803;2802;2801;2800;2799;2798;2797;2796;2795;2794;2793;2792;2791;1393;1392;1391;1390;1389;1388;1387;1386;1385;1384;1383;1382;1381;1380;1379;1378;1377;1376;1375;1374;1373;1372;1371;1370;1369;1368;1367;1366;1365;1364;1363;1362;1361;1360;1359;1358;1357;1356;2896;2895;2894;2893;2892;2891;2890;2889;2888;2887;2886;2885;2884;2883;2882;2881;2880;2879;2878;2877;2876;2875;2874;2873;2872;2871;2870;2869;2868;2867;2866;501;500;499;498;497;496;495;494;493;492;491;490;489;488;487;486;485;484;483;482;481;480;479;478;477;476;475;474;473;472;471;470;1291;1290;1289;1288;1287;1286;1285;1284;1283;1282;1281;1280;1279;1278;1277;1276;1275;1274;1273;1272;1271;1270;1269;1268;1267;1266;1265;1264;1263;1262;1261;1260;1259;1258;1257;1256;1255;1254;1253;1252;1251;2991;2990;2989;2988;2987;2986;2985;2984;2983;2982;2981;2980;2979;2978;2977;2976;2975;2974;2973;2972;2971;2970;2969;2968;2967;2966;2965;2964;2963;2962;2961;2960;2959;2958;2957;2956;2955;2954;133;132;131;130;129;128;127;126;125;124;123;122;121;120;119;118;117;116;115;114;113;112;111;110;109;108;107;106;105;104;103,1.1299261369,1.2003292479,1.1069800759,1.0053006013,1.1011433540,1.0028323394,0.0704031110,85.9841805599,4.0158194401,339.7026119233,93.6029406845,0.1962795829,0.1103871078,0.3925591659,0.2207742155,0.0775917083,0.0839021988,1.0696943284,2.8199063276
35,33,9,2,2144,2389,2144;1324;1323;1322;1321;1320;1319;1318;1317;1316;1315;1314;1313;1312;1311;1310;1309;1308;1307;1306;1305;1304;1303;1302;1301;1300;1299;1298;1297;1296;1295;1294;1293;1292;2730;2729;2728;2727;2726;2725;2724;2723;2722;2721;2720;2719;2718;2717;2716;2715;2714;2713;2712;2711;2710;2709;2708;2707;2706;2705;2704;2703;2702;2701;2700;2699;2698;567;566;565;564;563;562;561;560;559;558;557;556;555;554;553;552;551;550;549;548;547;546;545;544;543;542;541;540;539;538;537;536;535;2408;2407;2406;2405;2404;2403;2402;2401;2400;2399;2398;2397;2396;2395;2394;2393;2392;2391;2390;2389,1.2354083530,1.4758382971,0.6779257686,0.6401646975,1.0589864940,0.5932994875,0.2404299441,67.9401357121,22.0598642879,59.7486895864,54.9870241104,0.1706124155,0.0536946171,0.3412248310,0.1073892343,0.1724640127,0.0292151989,0.4847742078,1.9867421917
36,33,9,2,2144,943,2144;2143;2142;2141;2140;2139;2138;2137;2136;2135;2134;2133;2132;2131;2130;2129;2128;2127;2126;2125;2124;963;962;961;960;959;958;957;956;955;954;953;952;951;950;949;948;947;946;945;944;943,1.2354083530,1.4464504344,0.2458796201,0.2287296996,1.0749789840,0.0881958918,0.2110420814,22.6803749526,67.3196250474,284.8103775329,33.5735438381,0.1154142001,0.0957402840,0.2308284003,0.1914805681,0.0800144237,0.0086351116,0.1636283409,1.0652052338
37,35,10,1,2389,1128,2389;1153;1152;1151;1150;1149;1148;1147;1146;1145;1144;1143;1142;1141;1140;1139;1138;1137;1136;1135;1134;1133;1132;1131;1130;1129;1128,1.4758382971,1.5275646815,0.1240858979,0.1166101195,1.0641091731,0.1045098136,0.0517263844,63.6672203217,26.3327796783,141.0819864998,73.0365012219,0.1700808315,0.1521140595,0.3401616629,0.3042281191,0.1447930201,0.0101274366,0.1269101569,0.3647850755
38,35,10,1,2389,906,2389;2388;2387;2386;2385;2384;2383;2382;2381;2380;2379;2378;2377;2462;2461;2460;2459;2458;2457;2456;2455;2454;2453;2452;2451;2450;2449;2448;2447;2446;2445;2444;2443;2442;2441;2440;2439;2438;2437;2436;2435;61;60;59;58;57;56;55;54;53;52;51;50;49;48;47;46;45;44;43;42;41;40;39;38;37;36;35;34;33;32;2123;2122;2121;2120;2119;2118;2117;2116;2115;2114;2113;2112;2111;2110;2109;2108;2107;2106;2105;2104;2103;2102;2101;2100;2099;2098;2097;2096;2095;2094;2093;2092;2091;936;935;934;933;932;931;930;929;928;927;926;925;924;923;922;921;920;919;918;917;916;915;914;913;912;911;910;909;908;907;906,1.4758382971,1.8830084660,0.6565365811,0.5765327866,1.1387671202,0.4081697044,0.4071701689,45.0702395925,44.9297604075,83.3608068396,29.9506104754,0.0707695953,0.0707695953,0.1415391905,0.1415391905,0.0000000000,0.0103300453,0.2919345590,4.6385497799
39,36,10,2,943,2780,943;942;941;940;939;938;937;1812;1811;1810;1809;1808;1807;1806;1805;1804;1803;1802;1801;1800;1799;1798;1797;1796;1795;1794;1793;1792;1791;1790;2790;2789;2788;2787;2786;2785;2784;2783;2782;2781;2780,1.4464504344,1.6571001427,0.2272729095,0.2136202082,1.0639110948,0.0355006159,0.2106497083,9.5661189470,80.4338810530,178.8359879160,26.8483741700,0.0849969535,0.0624800258,0.1699939069,0.1249600517,0.0990744021,0.0039124397,0.1058139302,1.3369473860
40,36,10,1,943,2409,943;2434;2433;2432;2431;2430;2429;2428;2427;2426;2425;2424;2423;2422;2421;2420;2419;2418;2417;2416;2415;2414;2413;2412;2411;2410;2409,1.4464504344,1.5192625712,0.1265012719,0.0952602133,1.3279549509,0.0614239446,0.0728121368,40.1508069721,49.8491930279,166.5715212244,54.0128023123,0.1623521022,0.1549637202,0.3247042044,0.3099274403,0.0584055950,0.0100056822,0.1263211201,0.3895892636
41,39,11,2,2780,2255,2780;226;225;224;223;222;221;220;219;218;217;216;215;214;213;212;211;210;209;208;207;206;205;204;203;202;201;200;199;2280;2279;2278;2277;2276;2275;2274;2273;2272;2271;2270;2269;2268;2267;2266;2265;2264;2263;2262;2261;2260;2259;2258;2257;2256;2255,1.6571001427,2.0079943486,0.3588083468,0.3527011515,1.0173154958,0.0356561144,0.3508942059,5.8021948841,84.1978051159,45.6938870291,14.1745429812,0.0598670595,0.0598670595,0.1197341189,0.1197341189,0.0000000000,0.0040400642,0.1349678509,2.9967092922
42,39,11,1,2780,260,2780;2779;2778;2777;2776;2775;2774;2773;2772;2771;2770;2769;2768;2767;2766;2765;2764;1486;1485;1484;1483;1482;1481;1480;1479;1478;1477;1476;1475;1474;1473;1472;1471;1470;1469;1468;1467;1466;1465;1464;1463;1462;1461;1460;1459;1458;1457;1456;1455;1454;641;640;639;638;637;636;635;634;633;632;631;630;629;628;627;626;625;624;623;622;621;620;619;618;617;616;615;614;613;612;611;610;609;608;607;606;605;604;603;602;2914;2913;2912;2911;2910;2909;2908;2907;2906;2905;2904;2903;2902;2901;2900;2899;2898;2897;1520;1519;1518;1517;1516;1515;1514;1513;1512;1511;1510;1509;1508;1507;1506;1505;1504;1503;1502;1501;1500;1499;1498;1497;1496;1495;1494;1493;1492;1491;1490;1489;1488;1487;287;286;285;284;283;282;281;280;279;278;277;276;275;274;273;272;271;270;269;268;267;266;265;264;263;262;261;260,1.6571001427,1.7363956137,0.9980591968,0.9727751693,1.0259916457,0.9695379096,0.0792954710,85.3243642497,4.6756357503,267.0079101896,85.0857360037,0.1790834506,0.0265022134,0.3581669011,0.0530044267,0.1528779432,0.0392139247,0.6521022438,2.7865757378
43,41,12,2,2255,989,2255;993;992;991;990;989,2.0079943486,2.0403229746,0.0592807292,0.0553522126,1.0709730726,0.0449302502,0.0323286260,54.2638828577,35.7361171423,66.6351361964,48.8752701488,0.1636245094,0.1505859974,0.3272490188,0.3011719949,0.2199452019,0.0045993243,0.0599159743,0.1811486844
44,41,12,1,2255,0,2255;2056;2055;2054;2053;2052;2051;2050;2049;2048;2047;2046;2045;2044;2043;2042;2041;2040;2039;2038;2037;2036;2035;2034;2033;2032;2031;2030;2029;2028;2027;2026;2025;2024;2023;2022;674;673;672;671;670;669;668;667;666;665;664;663;662;661;660;659;658;657;656;655;654;653;652;651;650;649;648;647;646;645;644;643;642;1355;1354;1353;1352;1351;1350;1349;1348;1347;1346;1345;1344;1343;1342;1341;1340;1339;1338;1337;1336;1335;1334;1333;1332;1331;1330;1329;1328;1327;1326;1325;2664;2663;2662;2661;2660;2659;2658;2657;2656;2655;2654;2653;2652;2651;2650;2649;2648;2647;2646;2645;2644;2643;2642;2641;2640;2639;2638;2637;2636;2635;31;30;29;28;27;26;25;24;23;22;21;20;19;18;17;16;15;14;13;12;11;10;9;8;7;6;5;4;3;2;1;0,2.0079943486,2.4542047874,0.8880113122,0.8408202003,1.0561250930,0.7126533894,0.4462104388,57.9482692137,32.0517307863,272.2895050092,62.0248598406,0.1374858084,0.0877187353,0.2749716167,0.1754374707,0.0560432872,0.0359480488,0.6292547137,3.2294653637
45,43,13,1,989,321,989;988;987;986;985;984;983;982;981;980;979;978;977;976;975;974;973;972;971;970;969;968;967;966;965;964;1694;1693;1692;1691;1690;1689;1688;1687;1686;1685;1684;1683;1682;1681;1680;1679;1678;1677;1676;1675;1674;1673;1672;1671;1670;1669;1668;1667;1666;1665;1664;353;352;351;350;349;348;347;346;345;344;343;342;341;340;339;338;337;336;335;334;333;332;331;330;329;328;327;326;325;324;323;322;321,2.0403229746,2.5099983199,0.5088130756,0.4785361921,1.0632697882,0.0916621905,0.4696753453,11.0430813844,78.9569186156,321.3983008606,57.8338489270,0.0701579450,0.0451180894,0.1403158900,0.0902361788,0.0492122880,0.0053939074,0.1844898281,3.6261971144
46,43,13,1,989,568,989;2090;2089;2088;2087;2086;2085;2084;2083;2082;2081;2080;2079;2078;2077;2076;2075;2074;2073;2072;2071;2070;2069;2068;2067;2066;2065;2064;2063;2062;2061;2060;2059;2058;2057;601;600;599;598;597;596;595;594;593;592;591;590;589;588;587;586;585;584;583;582;581;580;579;578;577;576;575;574;573;572;571;570;569;568,2.0403229746,2.0717046230,0.3416828608,0.3380173478,1.0108441563,0.3365574536,0.0313816484,84.6729685087,5.3270314913,54.9548828312,32.2532527978,0.1533589017,0.0209755750,0.3067178034,0.0419511499,0.3874450315,0.0097237291,0.2006904603,1.1139974822
